user_id,signal_strength,dropped_calls,latency,avg_data_gb,label
CUST_000,-91.27299405763188,0,134.1854639969037,122.80003359355051,0
CUST_001,-62.46428467950419,2,59.973656724797706,55.94512759166568,0
CUST_002,-73.40030290942974,2,77.90059813871875,39.26831231895844,0
CUST_003,-80.06707579014817,1,172.6475761282671,21.856367862542957,0
CUST_004,-102.19906797787817,1,151.19505960859044,75.33703692381718,0
CUST_005,-102.20027398318987,2,37.171869916377915,77.49849384877787,0
CUST_006,-107.09581939159003,2,97.16636377755805,127.727219456407,0
CUST_007,-66.69119271125325,2,25.250557456147604,40.97341750244895,0
CUST_008,-79.94424941283955,1,106.56022638854162,63.338778313575986,0
CUST_009,-74.59637111019772,3,139.23812210619224,123.17680344511673,0
CUST_010,-108.97077528520988,2,41.33047224766728,125.30730550485629,0
CUST_011,-61.50450739190028,1,71.99928900364982,63.84555063702755,0
CUST_012,-68.37786795997891,1,91.61059259038825,74.27736326013533,0
CUST_013,-99.38304446608619,0,185.51558443808895,52.46002471889961,0
CUST_014,-100.90875163964498,0,198.78590277613353,140.5576829787037,0
CUST_015,-100.82977450732831,1,28.084033819210852,26.610127203821243,0
CUST_016,-94.78788785202312,1,156.98142622917058,140.7249192202058,0
CUST_017,-83.7621784183881,0,86.91033195242179,105.74130325694806,0
CUST_018,-88.4027490678942,1,90.6424735213064,84.42010137614237,0
CUST_019,-95.4385429900979,0,155.7676952024641,14.572268509829422,0
CUST_020,-79.40735526388103,2,185.31675778617355,76.58346685508116,0
CUST_021,-103.02530696739791,0,191.1671470104587,67.08473470038251,0
CUST_022,-95.3927675732391,0,123.88206548689774,32.57063367651716,0
CUST_023,-91.68190783531541,1,84.28180867409051,101.89734449009197,0
CUST_024,-87.1965007891482,2,161.75883545458026,145.96112703156,0
CUST_025,-70.74120193034932,2,65.18024898721404,88.70643354903352,0
CUST_026,-100.01631089208202,1,121.5333251900332,110.06545870215241,0
CUST_027,-84.28827807931941,1,84.54412307447717,19.58306335924235,0
CUST_028,-80.37927155689788,3,138.1935932674177,68.47337941437927,1
CUST_029,-107.6774793640001,0,63.271804320831244,26.29018792302942,0
CUST_030,-79.62275740492808,1,54.48673023226864,95.79141697511146,0
CUST_031,-101.47379381563542,0,185.28303560157866,141.38750214998166,0
CUST_032,-106.74742035073602,0,38.324662930916645,102.6488825460294,0
CUST_033,-62.55572313733334,0,111.0724233922877,20.752426764019013,0
CUST_034,-61.71839834627203,0,59.753500933341606,59.6532686979116,0
CUST_035,-69.58013259417694,0,27.00739339862014,87.09287312171921,0
CUST_036,-94.76931154133146,0,26.48338729245675,66.44908585865531,0
CUST_037,-105.1163942996808,0,51.53991897904892,126.71016146652413,0
CUST_038,-75.78834867439215,1,176.01866381108005,124.05394065939849,0
CUST_039,-87.99237531301993,0,70.8461739158648,95.656342814451,0
CUST_040,-103.89808825776106,1,191.08265070355324,62.284112318578735,0
CUST_041,-85.24115449443649,2,124.69201273805484,45.74709232685418,0
CUST_042,-108.28057394423908,0,98.5905541583779,24.822404549838105,0
CUST_043,-64.5339798960609,2,124.41599024050183,59.68567568811756,0
CUST_044,-97.06100091999916,1,113.0057093407282,67.84415240908073,0
CUST_045,-76.8738857823009,1,156.57972567631853,104.61520951457031,0
CUST_046,-94.41444619552945,2,70.84929187511341,102.14237540166029,0
CUST_047,-83.99659894110945,1,83.54907048805443,19.81513954977597,0
CUST_048,-82.66448603283601,0,180.93697445598514,65.33630416036209,0
CUST_049,-100.75727722372365,0,190.362172367073,35.44904141043067,0
CUST_050,-61.52076861177207,0,180.66048094756542,31.953778744352796,0
CUST_051,-71.24335883194428,1,95.50063891231645,125.82230096321443,0
CUST_052,-63.02505292179055,0,160.4657905412387,15.868130340276053,0
CUST_053,-65.25863247861756,4,105.74043199419778,68.68560262629698,0
CUST_054,-80.10500105944574,0,109.55717338629839,33.54851180731255,0
CUST_055,-63.906288248844156,2,56.84241963031111,133.10623019498638,0
CUST_056,-105.57537489740403,1,126.40345458653296,87.98567185850492,0
CUST_057,-100.20085687904275,0,53.50446159560263,42.39328909275872,0
CUST_058,-107.73863555447309,1,79.68164583209489,80.3398202032927,0
CUST_059,-93.73348346183678,1,173.90543629158833,112.40809035843621,0
CUST_060,-90.5661355155259,1,57.27364565795394,144.13652124872073,0
CUST_061,-96.4325484113052,0,32.80849133121791,40.86244059435865,0
CUST_062,-68.56312454240353,4,32.42136667030694,134.06544809810833,0
CUST_063,-92.16233366532053,1,189.3412136905594,140.80257598344863,0
CUST_064,-95.95327451563097,0,111.24567883313023,138.29887623448928,0
CUST_065,-82.86519584208757,0,93.6941729270633,98.95800996066738,0
CUST_066,-102.95378875126187,0,165.95814458142533,98.17489162085907,0
CUST_067,-69.89015096229801,1,170.44866702389288,66.44948864573519,0
CUST_068,-106.27246781601146,0,79.79438596080882,115.33570352253031,0
CUST_069,-60.65565316997414,0,144.85125034528315,84.38116256913047,0
CUST_070,-71.38776153516713,1,158.80210685333958,104.84132997196123,0
CUST_071,-100.06421592329139,1,137.83712363587182,69.98410653883136,0
CUST_072,-109.72389414381988,1,47.287113464017885,112.40950496603946,0
CUST_073,-69.22692857725829,1,177.65895503307027,125.42601246463687,0
CUST_074,-74.65713280761915,1,117.03701949248156,30.501075924394257,0
CUST_075,-73.54964159795063,0,70.84503674660067,126.61016018039192,0
CUST_076,-71.43648266570271,3,96.5410733787849,85.64151445064302,0
CUST_077,-106.29776741329547,3,26.762796271803328,128.25322727263142,0
CUST_078,-92.07671357278637,1,43.01602422003516,70.38223888774205,0
CUST_079,-104.20654702374351,1,157.79841509285495,63.0656679536249,0
CUST_080,-66.84482870622033,2,20.002094255965904,138.10850255241115,0
CUST_081,-78.8350936586221,1,94.98184912681259,45.163697456776184,0
CUST_082,-93.45509875736754,0,114.05183259540593,128.18972554006004,0
CUST_083,-106.82208248569881,1,29.834195600175015,77.76288015131658,0
CUST_084,-94.45088391421689,2,195.15406933501993,81.97336195717637,0
CUST_085,-93.74083389866264,0,60.702559624940946,53.185559408527766,0
CUST_086,-73.5196910830968,0,74.75576953453056,90.2259080866622,0
CUST_087,-78.12212643223934,2,74.70965220590492,55.529567478669584,0
CUST_088,-65.63936287118366,0,61.47499918112298,15.497717993831323,0
CUST_089,-86.38925374190254,1,20.265287975536054,48.079804748209845,0
CUST_090,-104.02028770308492,1,151.28206293583935,10.893066076922695,0
CUST_091,-74.33776063885026,1,194.03218996387136,146.96967018795993,0
CUST_092,-71.96074756915513,1,60.37282699130811,145.20460937476466,0
CUST_093,-81.93614012152518,2,139.34849452461603,65.3217416461227,0
CUST_094,-71.45164100227194,2,153.5413388525687,111.97191960755043,0
CUST_095,-85.31022018178047,0,172.71656823629445,58.412853777459496,0
CUST_096,-83.8633585309003,1,96.07325546244964,103.95304199203665,0
CUST_097,-88.62294908207252,1,74.52756301527727,122.76020602643707,0
CUST_098,-108.72904366279523,1,78.5531241241456,142.5458742569137,0
CUST_099,-104.60542865033477,4,148.2718399577323,66.02971861895408,0
CUST_100,-108.42854071566329,1,167.0203039710145,119.66171761384668,0
CUST_101,-78.17947943681098,0,52.69051419618848,47.22998308849663,0
CUST_102,-94.28220094618366,0,86.76938146839774,148.64652253111078,0
CUST_103,-84.57146544176486,1,182.34923541484702,13.607743827009159,0
CUST_104,-64.62167630369535,1,165.20483354505305,94.49403291015693,0
CUST_105,-97.53538854255625,0,197.27451249724564,102.3308374311858,0
CUST_106,-89.48085384821852,1,155.76468674277453,106.32637799037803,0
CUST_107,-72.22244307284757,1,90.77513618502601,26.85426103047246,0
CUST_108,-98.56009172541887,2,126.3148101190348,141.39416968623826,0
CUST_109,-106.15100450856035,0,138.98256576451766,35.36565906701159,0
CUST_110,-95.5124273543116,1,34.12204693708231,97.18547645357775,0
CUST_111,-101.93893563729978,0,118.00945263869572,41.17465107723189,0
CUST_112,-63.515117382871345,1,147.67774912506974,53.01029838297792,0
CUST_113,-69.59398102177914,0,50.11783472019087,86.50419584193742,0
CUST_114,-78.32981217447883,1,160.51370913660028,68.40707859904072,0
CUST_115,-66.42697049061411,1,125.07910049254009,32.43158413671088,0
CUST_116,-69.81639615504427,0,191.39992142556704,33.93109633891876,0
CUST_117,-100.67149705569821,1,27.636013677240506,68.54027034279196,0
CUST_118,-65.37205007550111,1,67.75870475998406,116.0196169585701,0
CUST_119,-83.03288790421746,0,128.27969827396834,135.7150505586904,0
CUST_120,-69.62799224179687,0,73.38078419706753,21.777872716313595,0
CUST_121,-65.19543500382534,1,148.5963495328236,65.03454705831615,0
CUST_122,-94.09982625140681,1,156.6209508539476,24.03437892120273,0
CUST_123,-104.49740377361616,1,38.4528735319654,12.322947288563704,0
CUST_124,-98.60324187290291,3,112.49380355721819,102.64061557015393,0
CUST_125,-88.64461056868718,2,111.60030000639006,94.34292187532229,0
CUST_126,-69.09926170387534,0,86.4705386387974,32.82267593408407,0
CUST_127,-66.96347083718283,3,187.92647526254098,42.73379663302897,0
CUST_128,-109.65239347344047,0,168.95113757717982,13.319085510232574,0
CUST_129,-84.46263487112171,0,145.4976887437346,126.89260879721652,0
CUST_130,-89.12944984256106,1,148.57879443229956,146.4566834467972,0
CUST_131,-98.89460947646349,0,103.10890588636144,28.964335151256712,0
CUST_132,-104.00673163331587,1,185.77901379738367,42.40652992714173,0
CUST_133,-93.1192414298186,1,145.02717690559138,131.57733335257075,0
CUST_134,-62.85451480437404,1,151.21659109804696,139.70493171386588,0
CUST_135,-93.83985339896223,1,175.10436268172214,68.74783359295344,0
CUST_136,-84.0604689128317,0,69.33288608159438,17.08714611767038,0
CUST_137,-74.84905205524112,0,165.27276269600654,15.514856716994716,0
CUST_138,-91.8185198810353,1,55.14330853216857,90.35298124966147,0
CUST_139,-61.410895863951964,0,82.1615514040798,65.00531524504507,0
CUST_140,-61.877635252894436,3,80.4098817685717,14.011339860871633,0
CUST_141,-97.4108852087318,1,196.1345843100453,91.65533492375795,0
CUST_142,-85.13757470538073,0,174.17670027462682,11.582355122463145,0
CUST_143,-94.95608450916151,1,146.21057508624676,120.23207414089822,0
CUST_144,-95.75797528112662,1,150.8702170907702,52.900595178472024,0
CUST_145,-108.15565263227336,1,121.17310299246279,15.636120421292494,0
CUST_146,-79.52178330100516,0,190.47632007953342,92.36931093764146,0
CUST_147,-84.86604883855692,0,109.32657551882508,65.67581802062766,0
CUST_148,-107.42606243750053,1,88.49318777658101,146.33205787000094,0
CUST_149,-96.06767678816942,0,49.34636064768638,86.1878127505183,0
CUST_150,-64.58670570166731,0,161.51701740699045,48.53348534518116,0
CUST_151,-98.02190546665138,0,152.19990777360647,109.32144104875647,0
CUST_152,-102.75525639543885,0,89.18390693434428,48.008880355979585,0
CUST_153,-85.52736198612185,0,24.534814512661285,136.59406079705911,0
CUST_154,-60.717477294469965,1,171.01951898924193,62.4610758710327,0
CUST_155,-97.89723642442497,1,22.055237021733255,86.98159878866873,0
CUST_156,-76.39322262970607,0,146.66596033322918,17.08023453539204,0
CUST_157,-71.91901923356411,0,194.64627975069027,69.6569733133123,0
CUST_158,-98.11812280038002,2,98.77903906667662,126.53089555253929,1
CUST_159,-73.58918256940703,1,62.2952128992715,122.79083275086788,0
CUST_160,-91.61084336403734,1,146.8767818078087,41.40459823949368,0
CUST_161,-78.38470847032103,3,167.08306556280533,41.651069941478774,0
CUST_162,-78.32351446195527,1,118.35745689401251,124.42274370985315,0
CUST_163,-83.21126579626207,2,194.06634954610632,140.25577882370558,0
CUST_164,-105.48551149727959,1,29.300369898432997,23.350528978220495,0
CUST_165,-68.2348752205381,1,110.86320769481506,73.00820951967154,0
CUST_166,-93.9609967514132,0,149.321710518059,57.24359905499205,0
CUST_167,-100.67407448000729,0,175.27528480685223,131.8963837640415,0
CUST_168,-107.9612429222618,0,52.266010143402205,21.69348805520263,1
CUST_169,-80.4553528405879,0,164.00062671746267,39.557631958125235,0
CUST_170,-76.12178190788589,1,119.48727362933815,115.34556726210921,0
CUST_171,-109.1706085536072,1,91.37966275819338,17.181138857370183,0
CUST_172,-84.39534708503595,0,43.708705144236845,78.9549533000005,0
CUST_173,-98.6752112401031,2,175.75323660360422,71.8949848551608,0
CUST_174,-77.74136047952751,1,48.309177472348765,56.816165058424815,0
CUST_175,-101.28167854975042,0,75.76181465763787,65.24012414464933,0
CUST_176,-75.4531130948767,3,72.20819575323864,84.19168217023261,0
CUST_177,-90.66323268497314,1,176.85452615435378,32.59143017437364,0
CUST_178,-63.163500563163275,0,141.08653895760165,90.07942295970298,0
CUST_179,-103.12395279270034,0,163.402651494447,122.76052610199808,0
CUST_180,-92.94668244748708,1,65.08422178264982,116.42253017062227,0
CUST_181,-104.32632393797054,2,132.47733792925982,31.545986657128317,0
CUST_182,-63.76531908607186,0,122.91427696587476,30.89492576380635,0
CUST_183,-66.13303233095095,0,169.9094678218888,47.54441148428786,0
CUST_184,-97.10291861424221,1,183.0956708866269,60.55046168774521,0
CUST_185,-77.00079769829105,2,22.188218865929624,67.18378139718757,0
CUST_186,-69.1388899899392,1,141.32358543058268,105.15761035666834,0
CUST_187,-82.23995942002688,2,29.330443841551222,17.935260503216956,0
CUST_188,-83.51747108219968,0,118.79455971392406,14.854178591649294,0
CUST_189,-97.90738545497742,2,71.77389122786208,64.86747881214725,0
CUST_190,-105.34486160970503,1,75.21978791398541,107.60291689931726,0
CUST_191,-65.13921210233366,1,83.53253062142419,37.08094801390756,0
CUST_192,-64.97909714183348,2,131.8326408289298,99.81062737587524,0
CUST_193,-78.34492713633661,0,80.12899382037845,46.37593931164192,0
CUST_194,-93.04851044756496,1,151.88582910625047,134.0520552338923,0
CUST_195,-92.53952126936696,1,92.81492940329655,135.3965921973263,0
CUST_196,-73.70221605648803,0,32.30357605579255,51.620208599385705,0
CUST_197,-65.14448700237114,1,161.0767716471393,42.19912555485367,0
CUST_198,-65.64567878674413,1,71.43649842668708,67.58255608927237,0
CUST_199,-71.00622270711881,1,97.89803832786727,43.67442192522082,0
CUST_200,-77.89841769228562,0,143.37989897994225,104.13373806083851,0
CUST_201,-105.79300175024756,1,79.84210828676817,125.64905583675997,0
CUST_202,-101.9185642952693,1,30.18541810640881,104.23289832757038,0
CUST_203,-65.07229057364603,1,87.30578846230645,125.40906261490892,0
CUST_204,-79.6785470170205,1,190.0007448849746,65.57890270904637,0
CUST_205,-109.54014741916852,0,135.51219151374048,31.88437589924052,0
CUST_206,-104.9264228566984,0,140.86624676009723,113.3131326356629,0
CUST_207,-76.8249115445972,0,133.81078765477517,60.466430719817545,0
CUST_208,-109.74692080768907,1,55.81858501269862,103.97791553207855,0
CUST_209,-101.95959742912507,1,95.30009553841042,47.890151877447195,0
CUST_210,-82.5633105316707,0,155.1691637053973,21.372148872934176,0
CUST_211,-75.40524011536533,1,38.24712155956865,148.96145136828687,0
CUST_212,-77.40193702486997,0,70.01349969614822,31.868211110283898,0
CUST_213,-98.786534526972,0,69.73743952385365,148.37893915488735,0
CUST_214,-74.3910389326232,0,97.76340696701108,146.81919055930263,0
CUST_215,-98.13754562516,2,196.4663733695933,121.13453454712555,0
CUST_216,-93.73001509203661,2,32.15045840308795,102.31921469147966,0
CUST_217,-72.67542974409879,1,113.3661789885071,90.89298703515186,0
CUST_218,-77.51835504763926,0,52.28564276219788,131.25421635289686,0
CUST_219,-67.5388294752911,0,194.72177817375393,50.521533026728314,0
CUST_220,-77.11935538498284,0,40.39463085094356,75.47536974788278,0
CUST_221,-81.58456983322642,2,92.64818042508642,96.71459571131027,0
CUST_222,-105.31626160859537,0,152.8192972702291,67.56666662172876,0
CUST_223,-91.61420984702832,1,146.81979704494015,69.84810357263751,0
CUST_224,-96.73988161591373,0,96.0911546409078,56.23985345029182,0
CUST_225,-97.80051783104582,1,82.37435023148927,88.99245433583505,0
CUST_226,-61.34947226237772,0,91.5702281395167,129.08043392211624,0
CUST_227,-90.34511376666198,2,67.56972736855508,38.2139729208838,0
CUST_228,-65.39767224114433,3,56.959928967223966,140.8206254254818,0
CUST_229,-78.44306870013685,1,106.94714556060019,106.47227152475216,0
CUST_230,-70.25943482291757,1,68.33607609216932,125.25824977520422,0
CUST_231,-84.8681453447404,0,71.74309968150502,87.86669696820162,0
CUST_232,-81.15480576868205,0,138.21609142542027,119.13233819936889,0
CUST_233,-85.3741153090568,1,194.33671970598058,12.26805562752541,0
CUST_234,-100.23785061009778,2,128.65469610068752,124.57325946913492,0
CUST_235,-73.87739423692474,1,33.85630407169393,15.619440271951312,0
CUST_236,-95.96138187795721,1,33.60505049373206,134.58787269080074,0
CUST_237,-108.78420167842731,3,191.2561797522019,148.87478461341007,0
CUST_238,-77.72638520464162,1,73.51234225532005,51.1694447047489,0
CUST_239,-101.14446602964756,2,36.57205749484558,39.444597880011116,0
CUST_240,-62.97707078235428,2,127.82802568706867,117.1508709401257,0
CUST_241,-62.303571149870635,0,132.25678009224788,45.42368772883545,0
CUST_242,-64.25678048897757,1,136.73086762136387,131.1787336441085,0
CUST_243,-91.49206498722778,1,68.13236501435743,24.39796290204674,0
CUST_244,-109.22716917355663,2,22.719923158605507,27.633727493110158,0
CUST_245,-63.584071870613734,1,193.70276650180494,147.0812177140862,0
CUST_246,-88.59079258413428,2,65.16074822439845,104.33744575780065,0
CUST_247,-61.66725904781652,2,141.68473184945856,128.5642114200534,0
CUST_248,-61.81900114553736,0,147.19337657816772,55.406112829212525,0
CUST_249,-67.349527226632,2,129.80133507430742,104.70772493288462,0
CUST_250,-95.27755539652071,1,76.32333095845668,93.1938558232036,0
CUST_251,-90.74511356990374,1,68.79732567753183,94.44101681721259,0
CUST_252,-67.44316642415716,1,127.58029088648657,105.55454433528102,1
CUST_253,-94.15389974218611,0,175.89721405010448,90.5502842380738,0
CUST_254,-101.52536266569538,0,190.4120712062112,70.06873170237324,0
CUST_255,-82.15993687708249,0,39.06304479267637,48.629177213276556,0
CUST_256,-63.19226129196095,1,47.869150267589575,117.60138632784829,0
CUST_257,-75.19851016625135,0,190.05252658095435,41.678140200446066,0
CUST_258,-81.49694149553176,0,152.57634110026265,106.92960286161798,0
CUST_259,-105.14117531146158,0,178.93888846935914,42.66659517090573,0
CUST_260,-79.24963866504152,0,56.473874144361766,97.54622379362354,0
CUST_261,-60.49730749478684,0,125.76545679969233,114.59095739806405,0
CUST_262,-102.9957992381738,1,146.20512699514524,40.61994444691549,0
CUST_263,-84.08351738181317,1,142.42013938045508,18.39206212058316,0
CUST_264,-66.13134640360224,0,93.46730435600566,28.33632401918437,0
CUST_265,-72.96156911228978,1,22.771080504435524,94.83957541794356,0
CUST_266,-75.1492129502366,1,124.92669022476736,128.92249687160296,0
CUST_267,-74.87579580064454,0,65.55827705232957,16.299554972959413,0
CUST_268,-92.02544243901224,0,101.04576430572025,112.78117626583047,0
CUST_269,-95.32040778677533,0,192.36458271508712,57.784610433007295,0
CUST_270,-69.53194222607432,1,91.82635717563825,76.99397178873315,0
CUST_271,-69.49433026604096,2,171.1642891995968,140.04033697837917,0
CUST_272,-66.64638407099481,2,53.9373090348652,56.476010663018364,0
CUST_273,-64.33797237217644,0,141.04288964450518,75.14717075152805,0
CUST_274,-84.43288005695311,0,195.86125179900984,11.915538066495355,0
CUST_275,-84.92418526564002,2,38.34075815712862,21.42382080067737,0
CUST_276,-70.08524105166124,1,21.497589600894564,46.202822758869765,0
CUST_277,-77.50180346111173,1,98.04490267387058,13.899313714950416,0
CUST_278,-74.90165613711483,0,36.672586949246096,98.39254564675514,0
CUST_279,-70.21036652819495,1,154.70918294172165,69.69576995222715,0
CUST_280,-65.49973290912169,0,184.6187594927406,86.74032838192308,0
CUST_281,-93.10024215742321,0,98.12377508757659,34.45060602548614,0
CUST_282,-91.2208523680028,1,66.56809558797937,51.430484121126256,0
CUST_283,-105.30090300795655,0,98.19259742118976,102.93542647938152,0
CUST_284,-81.0859929501913,1,150.2206072130002,145.14238130825598,0
CUST_285,-108.2028863101629,0,21.629749084466777,17.058348304309288,0
CUST_286,-86.72009909337699,0,126.10171810724549,134.65380491973724,0
CUST_287,-82.86776826462116,0,130.39250327972823,90.76336818356918,0
CUST_288,-95.67293739358578,0,134.78388444126838,88.94873934578732,1
CUST_289,-80.45833697154947,1,63.563974396557896,80.03899492908644,0
CUST_290,-108.47498750304753,1,148.5294902080628,19.715172026585677,0
CUST_291,-108.13259056253928,0,36.45046753971975,22.582759243062494,0
CUST_292,-68.86997196701708,1,55.86866056402415,94.12768079227206,0
CUST_293,-91.99046792943686,2,177.94460839780675,57.73420000097816,0
CUST_294,-103.64697436740576,1,152.97016713078193,138.4175293208753,0
CUST_295,-83.88783699725978,2,22.474199722042144,66.92267523032612,0
CUST_296,-71.50032234506946,2,64.70772686656403,30.059404218369753,0
CUST_297,-99.20894862515784,0,58.59316693876962,110.06063669028504,0
CUST_298,-78.85547620904998,1,68.74513904665505,51.06947900174138,0
CUST_299,-105.7326267503116,2,64.56075865037955,83.56584302982505,0
CUST_300,-107.41591394156961,0,31.254733233712233,107.6965899707238,0
CUST_301,-83.4322684215926,1,102.60929298742766,136.03697556828985,0
CUST_302,-82.96824391949468,1,151.89202546150972,120.90676727223466,0
CUST_303,-78.12850492508967,1,129.21171044913854,104.69054950218137,0
CUST_304,-73.69543331386691,1,141.11690034765437,105.1486455353201,0
CUST_305,-61.20739602687327,1,34.606852136523045,142.42945016449212,0
CUST_306,-84.18498258494023,2,191.2683278318217,51.41537364951505,0
CUST_307,-93.8521763529377,0,170.92853009174448,10.155693187466238,0
CUST_308,-70.24069026156482,0,164.9162573292193,48.073638315747814,0
CUST_309,-96.45838743689629,1,168.13708490751816,40.50479314774416,0
CUST_310,-88.0514289647182,1,187.88789146389703,102.65684191595975,0
CUST_311,-106.0771809328867,0,117.96571390046559,98.71962396717407,0
CUST_312,-108.73246282922713,1,56.05076321617266,93.08459357866134,0
CUST_313,-61.867579266103746,1,131.0210494134574,12.274082049323518,0
CUST_314,-68.20099397438972,1,153.71866886022903,112.02892762309065,0
CUST_315,-75.2012896953151,0,152.82513080372456,55.294257747968814,0
CUST_316,-89.55235277928651,3,113.86082435003841,103.10783846092835,0
CUST_317,-101.33528399645772,0,32.32256948004405,87.92097999030146,0
CUST_318,-102.1781478664457,1,86.800328917423,57.982329559907,0
CUST_319,-97.48785509177023,0,185.7379895234043,28.840677394575085,0
CUST_320,-82.53866676469397,0,125.20080375633668,23.218645672467332,0
CUST_321,-74.27020386499689,0,116.89974978602842,126.4125666357113,0
CUST_322,-76.99013116411344,1,68.39363258879483,138.5756558914181,0
CUST_323,-96.00330515270286,0,86.3208055849842,100.97032654700195,0
CUST_324,-62.256735966840296,0,181.16229604757046,24.48077608046767,0
CUST_325,-73.10515416521157,0,139.96334855483042,66.2838103643537,0
CUST_326,-82.28229737442996,0,161.7296648154199,112.05148801472201,0
CUST_327,-79.4139626882824,1,101.78217615217793,119.17492376140953,0
CUST_328,-89.0199968786105,1,133.44449950210844,26.550607120752403,0
CUST_329,-97.61345052494212,2,64.70904957377735,10.004300638353538,0
CUST_330,-92.20136606743692,1,146.98294945102754,109.6991864232847,0
CUST_331,-72.10769447678155,0,96.96824006660071,59.923464638068786,0
CUST_332,-109.28032556851221,2,99.6581926666542,45.627386426556434,0
CUST_333,-104.1963679746542,1,136.87801842383868,11.805645770533562,0
CUST_334,-107.69986789891236,1,188.5305118644068,85.64191694660995,0
CUST_335,-107.96355988405149,2,31.521142389551766,129.16110295963745,0
CUST_336,-67.22697079944965,1,168.45378272246137,144.0684304781623,0
CUST_337,-74.81710703099881,1,72.62895987419476,89.20429308586048,0
CUST_338,-86.29130854563374,1,99.90550181114801,82.02458588358519,0
CUST_339,-105.10829196744993,0,23.944399179501612,21.907893968493752,0
CUST_340,-85.41920624415837,3,74.18829401017635,86.84219221596396,0
CUST_341,-86.32641146097171,0,110.47362367342349,63.19707105515525,0
CUST_342,-101.33990650449924,0,30.111693922539022,94.99893932370077,0
CUST_343,-88.30741753810135,3,108.39723128896972,64.42168870271654,1
CUST_344,-90.07476328013132,1,186.87991319451692,43.64187728305134,0
CUST_345,-79.20749509738917,0,38.970779259404935,23.29513853197271,0
CUST_346,-78.24531745661781,1,157.5993310535908,54.088582242445405,0
CUST_347,-107.73479951139777,3,93.74078960767868,23.53027680028532,0
CUST_348,-91.26936926867644,0,137.93126861438083,34.76557311535775,0
CUST_349,-78.70700421428818,0,66.84258763734128,148.22706220113642,0
CUST_350,-84.84318707099561,0,48.70860725744449,72.17449796692661,0
CUST_351,-67.17550794058388,0,48.88327056882076,84.46204731070232,0
CUST_352,-77.06531841905274,2,32.688550215766035,132.30659402321015,0
CUST_353,-101.85327864592851,0,53.41640688222375,149.3796460686963,0
CUST_354,-106.47156262997851,0,139.55948929801428,91.58002290825542,0
CUST_355,-77.87903608968422,1,178.70431013183145,123.74633494618404,0
CUST_356,-108.6744344729189,3,166.54262340640912,55.77174340713454,0
CUST_357,-80.71122093632684,0,143.32417577740713,52.80415404262075,0
CUST_358,-62.98848792875212,1,39.87773541399848,66.37852093923843,0
CUST_359,-81.22629110620605,1,72.05374033327098,104.15101677431088,0
CUST_360,-90.5915036896739,4,75.76523755804442,105.50683649571383,0
CUST_361,-77.83558907788233,0,64.99225035157181,54.13352085092311,0
CUST_362,-87.08735547542418,0,112.70101874775015,28.649389379128017,0
CUST_363,-82.71916053420325,0,116.39968667834107,98.5354759051712,0
CUST_364,-62.92675956117374,1,84.23947553079984,27.965620706427032,0
CUST_365,-90.69486810996129,3,83.68204857255849,90.98895115210621,0
CUST_366,-61.94047180880429,2,169.14000762309465,107.07909792788325,0
CUST_367,-64.73246790219682,2,162.0727126975434,108.08560949522322,0
CUST_368,-100.21044326053519,1,75.40324970253423,115.48609549234354,0
CUST_369,-106.53193495624173,0,184.48191989718669,132.20031901919305,0
CUST_370,-104.96109993112867,0,191.5067030604511,79.99425887507039,0
CUST_371,-109.08890871742251,0,78.81365756540734,112.23488653413996,0
CUST_372,-105.27785196220358,0,83.79649078274988,96.68418295121714,0
CUST_373,-75.84966132918215,0,111.0141476159526,36.12959157167556,0
CUST_374,-106.44056757698856,3,189.40174625606124,13.596550281717143,0
CUST_375,-94.05121848531194,0,177.7374979656161,49.835793994770725,0
CUST_376,-67.75623445152726,1,38.462233265046166,72.02471888726672,0
CUST_377,-108.83640321320871,0,90.69153378885491,96.39483222001188,0
CUST_378,-69.27657587055322,1,119.60681415495893,128.99430627044876,0
CUST_379,-95.90726126133,1,110.56384505927721,37.47440033886319,1
CUST_380,-104.09175861891718,0,54.89535222864068,27.576970585786793,0
CUST_381,-75.16314173179246,0,174.58701881026784,144.88719264640585,0
CUST_382,-78.5528576610058,1,141.8493409394307,25.126238312696998,1
CUST_383,-66.12639932364735,0,170.82350747332464,76.98874981500649,0
CUST_384,-73.24644780980572,1,174.577570282905,91.97892203106227,0
CUST_385,-69.82595348075756,2,154.70405365983316,85.79241892704135,0
CUST_386,-95.89827137143467,0,99.05790822494912,22.044501984612047,0
CUST_387,-101.12802281101386,0,129.89841590277643,17.98376796050671,0
CUST_388,-72.46926241795708,0,48.86577310155377,24.767679844544993,0
CUST_389,-69.6582630366368,0,141.25617514548338,91.98227574216575,0
CUST_390,-60.47474289996634,1,52.265586033070534,86.20828426880496,0
CUST_391,-89.36911615442867,2,144.91092629182822,42.72371088514419,0
CUST_392,-91.39909571036084,1,61.32766893571436,99.28837985838283,0
CUST_393,-71.17935196290016,1,41.159234027039595,124.80945028779091,0
CUST_394,-92.9598229873491,0,49.75120822573234,15.821054378523128,0
CUST_395,-63.462133719821765,0,20.35858433943265,79.73819209672594,0
CUST_396,-67.0793624078494,1,149.37313121363545,106.50345769437664,0
CUST_397,-88.55029863124908,0,151.83218883050824,45.32366978975619,0
CUST_398,-72.45644661042513,0,112.6880029843867,53.087926741040874,0
CUST_399,-72.27285629576588,0,49.045304189969066,95.90930641851374,0
CUST_400,-104.84380655820337,3,35.039780751924155,135.71094108212316,0
CUST_401,-64.87235466602166,0,23.443213958711663,123.3894188424059,0
CUST_402,-84.73738137760714,1,49.83467185373973,91.63823067394169,0
CUST_403,-68.67712669461292,0,180.35399629696641,112.23104048601489,0
CUST_404,-93.99751994846942,1,63.476631506302716,61.07514582909182,0
CUST_405,-65.22383857518997,1,83.76883889909882,99.73517393382608,0
CUST_406,-90.53991606329184,0,38.962187206639975,75.26542275785798,0
CUST_407,-109.45811742598508,0,60.02503485467065,36.59105910405853,0
CUST_408,-64.73090117903682,3,113.46042274043693,108.24335834281601,0
CUST_409,-105.43566616069332,0,129.39548295721747,87.90504922883508,0
CUST_410,-94.03431812047926,1,64.163416549918,60.20702147350279,0
CUST_411,-62.49690164745975,1,30.391788660521097,137.5874866110083,0
CUST_412,-62.46964265312219,1,90.38591644293176,12.930776495742657,0
CUST_413,-81.32810559383569,0,62.15660676674015,54.20824117492944,0
CUST_414,-78.40813939151003,1,59.51970618136435,17.96339568887052,0
CUST_415,-87.57772390108401,0,192.77530448842194,117.3138242710278,0
CUST_416,-95.33946141509678,0,130.93408746663033,108.29504357593096,0
CUST_417,-93.5667727315042,1,120.23811977097726,56.389310623084384,0
CUST_418,-76.37407719614808,3,94.83951863419794,104.59280630899022,1
CUST_419,-72.381273528116,1,97.20998001742596,65.43121166743298,0
CUST_420,-70.42104781370757,0,117.36290069085454,115.8755307991408,0
CUST_421,-70.51909286027231,1,145.3573652664993,73.58571278313886,0
CUST_422,-105.43969484756548,1,146.3862973127293,67.71916189643318,0
CUST_423,-85.27898476487093,1,50.90490338698092,140.86218816836214,0
CUST_424,-107.12206199916778,2,110.02029537379286,45.12307398469803,0
CUST_425,-82.52355588381323,0,94.15245710613836,26.86262759951916,0
CUST_426,-87.92347493133116,1,176.69485392848915,91.83603585632414,0
CUST_427,-65.61479086208502,1,133.65540581930776,145.70505371978504,0
CUST_428,-92.45424937239606,1,115.85073195487672,62.897489921806134,0
CUST_429,-104.14664917861971,0,40.77103559220512,18.685146908029413,0
CUST_430,-102.8504158973582,1,129.01482007821406,57.50273742333944,0
CUST_431,-71.92446841412638,0,41.096703022442014,80.83043160473818,0
CUST_432,-79.08909683418695,0,80.69718360183538,32.669220928509915,0
CUST_433,-104.94386619386049,2,45.71155366657973,102.13431052790888,0
CUST_434,-105.79465969425013,0,144.57325646438642,149.6849144614281,0
CUST_435,-74.951543427044,0,57.12538049050747,73.24352663740214,0
CUST_436,-106.36184968179032,2,90.53468717384467,59.66199794222977,0
CUST_437,-68.90699703548219,0,181.22145997138017,66.09858335682533,0
CUST_438,-74.68788864217518,0,56.77694901181465,26.120464975328158,0
CUST_439,-105.932560967905,2,111.40491151258024,133.65830419967133,0
CUST_440,-105.7581142957404,0,95.46889900988396,68.07559177298927,0
CUST_441,-60.66802107494123,0,23.262327388231352,64.21841759947779,0
CUST_442,-91.28646021219399,1,162.6964604431063,102.35663821026641,1
CUST_443,-91.46789264665546,2,32.42826313662795,71.8846789303573,0
CUST_444,-69.36002163712487,0,105.36590377585165,100.75268563309845,0
CUST_445,-62.63757113080707,0,120.92209308901099,18.602480618310253,0
CUST_446,-60.69994680885645,2,133.11676219062568,123.92126812111184,0
CUST_447,-72.33109073705292,1,143.9536932754176,141.67055340311637,0
CUST_448,-91.18702072345421,2,65.58902903408872,100.82715406231404,0
CUST_449,-105.82496416506656,2,21.79617979852089,143.6392300402335,0
CUST_450,-71.14265420362815,2,150.21985922388416,31.20052401179486,0
CUST_451,-82.07978751320975,0,116.41818788256414,76.83826652724952,0
CUST_452,-88.78889953765119,0,170.50118657730476,94.25294275236261,0
CUST_453,-64.6822807452632,1,167.84990532212498,91.44313063896614,0
CUST_454,-104.44012588469243,0,171.79871020181898,66.20464907246605,0
CUST_455,-85.36874478545704,0,107.31703879631723,57.331817311276595,0
CUST_456,-109.43231776162905,0,80.05311125063582,27.755363157058632,0
CUST_457,-86.56696790029369,2,162.4804764664466,64.84394307871895,0
CUST_458,-107.18483621590813,0,101.23294034526589,32.772514114767915,1
CUST_459,-104.0591041865964,0,53.01959535261821,112.81119470891058,0
CUST_460,-104.12368766114476,2,173.8953235210654,39.2363309692426,0
CUST_461,-77.53948489419682,4,178.8607778190225,18.19914273983474,0
CUST_462,-72.69775603672883,1,103.93575610523062,87.3312592944128,0
CUST_463,-80.83156174514201,3,33.62595091576175,93.33216258071623,0
CUST_464,-61.89137257627291,0,89.80869618504762,132.06782857927078,1
CUST_465,-91.2564710238148,3,164.63677870326862,90.77742573847546,0
CUST_466,-95.71439568590696,0,182.31932513832118,58.367319521282404,0
CUST_467,-66.57004359052698,0,56.62509364956725,122.42166341368487,0
CUST_468,-98.82020807402736,2,32.05525016454887,85.63904504623895,0
CUST_469,-61.838873027969434,1,177.92308156391096,21.099239848366842,0
CUST_470,-109.39227626550918,1,90.09288901619755,89.21907844385453,0
CUST_471,-61.506058664618045,1,117.51697356816139,137.12259635903274,0
CUST_472,-107.84200440247119,0,194.2518461691366,65.48376756975088,0
CUST_473,-65.44284431509644,1,31.981651024560115,51.48561226597201,0
CUST_474,-83.614944545685,2,136.6972413413772,30.085723982522808,0
CUST_475,-60.35176019403498,0,33.338976063476075,31.202373070950024,0
CUST_476,-106.31017176323006,1,87.58440712397007,70.58800780785464,0
CUST_477,-82.30728577993396,0,164.6866181348204,93.39517538261414,0
CUST_478,-61.53487321904505,2,98.02500189601419,21.286156723744245,0
CUST_479,-83.84510779149255,0,199.49282370253107,141.5396024635232,0
CUST_480,-78.53006809323688,1,120.63067129038839,115.71870644232743,0
CUST_481,-75.21256555076914,1,77.80918747447163,92.12734855971277,0
CUST_482,-87.27294676161134,1,59.62003866285556,125.98141393145872,0
CUST_483,-78.62209599579683,0,83.09369617150912,21.226145953695863,0
CUST_484,-80.78428440384499,1,87.05598927671915,76.75744288263742,0
CUST_485,-64.94209947545056,0,32.36846199031298,98.21303776063287,0
CUST_486,-107.72768098292711,1,86.52335589681917,126.0114068565605,0
CUST_487,-95.95184052038849,1,103.56293355306049,119.68573840689749,0
CUST_488,-62.479425796172066,1,150.09279540298485,48.78969495987595,0
CUST_489,-65.48681080545418,0,138.21130724988944,141.7232237382886,0
CUST_490,-87.21716236071435,0,147.57781794124776,27.40841780032185,0
CUST_491,-78.99337010992316,0,21.50546273783428,132.5187066069613,0
CUST_492,-96.13094085094336,2,59.180131924496486,145.9316349446466,0
CUST_493,-100.59394201381194,0,139.1031719119742,34.80149325116758,0
CUST_494,-86.81507975300089,2,107.11808627235449,111.08924898852993,0
CUST_495,-92.33238859869736,0,20.95642562030227,15.639972628919786,0
CUST_496,-80.8171944074564,0,164.80903563772802,66.7591955194817,0
CUST_497,-106.11326815175076,1,159.10572319226074,82.27966188767437,0
CUST_498,-61.28025961669167,1,118.71544933884127,91.29033162734878,0
CUST_499,-60.68946277601986,1,31.963398639728982,141.03121475479833,0
CUST_500,-75.09191429901274,1,157.97270891586524,104.11509622118726,0
CUST_501,-83.19518168279399,1,125.06844579164552,77.37891317069318,1
CUST_502,-94.52361918568361,1,160.75279588843264,123.3545050772245,0
CUST_503,-69.31024901465257,1,155.31445863125128,143.07459493361725,0
CUST_504,-75.76344137230603,2,164.54037295241068,13.089260815520717,0
CUST_505,-101.86915303275543,1,113.24145195283246,147.5529781158454,0
CUST_506,-64.45364077530787,0,45.2584132748327,22.058499468915247,0
CUST_507,-68.87313785384154,0,140.80834520834395,124.01414909762659,0
CUST_508,-62.5100043354038,0,131.6852813093547,49.24686535719775,0
CUST_509,-73.71402458058199,2,153.6055736958357,28.505152085542043,0
CUST_510,-79.3292402032105,1,50.578581089132356,71.57978955993688,0
CUST_511,-89.08784818546906,0,55.09553598205206,100.15392112266589,0
CUST_512,-63.36357583229934,0,180.27371309947912,63.3332583032865,0
CUST_513,-66.69680552497958,0,154.99600372137274,17.639157159577856,0
CUST_514,-107.73906649469053,0,183.48112796605812,93.92455955222033,0
CUST_515,-108.6816512751374,0,156.56875780950574,136.33645865549448,0
CUST_516,-91.17683165609752,1,127.48795507825433,63.65015123261524,0
CUST_517,-69.47233346090835,3,137.74389266501726,40.28658886831579,0
CUST_518,-60.636193534252776,2,180.0430263092018,71.96082843059415,0
CUST_519,-102.47915544482359,0,124.1852158121493,16.770779546829324,0
CUST_520,-80.29346423239325,1,133.83043837910975,124.86826182723847,0
CUST_521,-90.95545716844893,1,48.1658088806481,125.68771353302614,0
CUST_522,-61.50428010926984,0,105.30581962089849,92.32006488014798,0
CUST_523,-67.89405384321456,0,148.9514801524578,59.434404451374526,0
CUST_524,-68.08356476444311,0,68.76968569694577,121.96967102240967,0
CUST_525,-86.56534201025148,0,56.405752494416284,87.6561834703714,0
CUST_526,-89.25902488311674,0,76.48882548039481,125.63052319700226,0
CUST_527,-96.3296464034647,1,63.47011303871002,98.40423096162289,0
CUST_528,-107.18122516745365,1,58.684274666551254,119.81676624979163,0
CUST_529,-66.76388118724734,1,96.47315171625564,93.7988190504864,1
CUST_530,-69.35494954349612,0,183.41093249903614,67.97974955019328,0
CUST_531,-60.01411633569347,2,111.27073641296928,144.11242038965926,0
CUST_532,-60.168158146304734,1,53.825668546758145,85.75593548303826,0
CUST_533,-82.22841471986862,1,33.854900488557334,94.71253259567537,0
CUST_534,-71.55062924097447,0,145.30810612482654,40.86826951806489,0
CUST_535,-62.761713505878596,1,88.90377759854981,97.59111051981871,1
CUST_536,-67.51763046612942,0,167.92957038536466,90.02507092761213,0
CUST_537,-97.63259491284012,2,138.71193835533865,35.87737571258349,0
CUST_538,-87.47279323449533,1,163.32346109744634,18.342193629440118,0
CUST_539,-103.54202924242526,3,68.95028709532077,94.61030476006795,0
CUST_540,-62.29744863706388,0,144.62460604299048,116.91691770904487,0
CUST_541,-79.691268277456,0,67.53115724486938,83.27619192908115,0
CUST_542,-98.56785972482686,0,189.03232630105248,41.7481675447504,0
CUST_543,-76.41496577970716,0,134.5473706760074,103.31307673702489,1
CUST_544,-79.09358797710522,1,78.41212403156158,21.214801725344316,0
CUST_545,-92.09186409835797,0,68.51213521260908,71.85671867227364,0
CUST_546,-104.32212039001855,1,54.36678531289583,32.871346175778825,0
CUST_547,-76.42134022036002,1,145.035372600871,35.82426714838367,0
CUST_548,-83.98461495481034,1,59.36881033962691,38.32115288214851,0
CUST_549,-71.38408041321804,0,127.15458786694803,64.1389879861569,0
CUST_550,-83.99182494440034,1,67.63430484656432,17.161028786855667,0
CUST_551,-67.390924984073,1,139.15441006289635,65.69108173007375,0
CUST_552,-82.40465806127573,0,166.68915113729705,81.63904259605812,0
CUST_553,-81.95310142323069,1,160.04454376603758,77.66119989528553,0
CUST_554,-66.16731986708274,2,156.95323956754072,63.58977405642568,0
CUST_555,-89.82585668938015,1,53.79003302460537,127.48052512990535,0
CUST_556,-103.29923857746796,0,35.909290457213366,30.345736938870576,0
CUST_557,-108.56086618433305,0,145.8107891277294,80.79754412939235,0
CUST_558,-72.24313721631904,2,86.30249848298324,18.6857983739176,0
CUST_559,-78.98452243232677,1,97.82232075260251,19.961795042907365,0
CUST_560,-74.79601159503882,1,25.60683670281039,90.34121895479348,0
CUST_561,-99.35179192455446,2,66.72376086950885,89.24257948429494,0
CUST_562,-103.1814262206615,0,26.061752697403524,132.924691798224,0
CUST_563,-109.2727667166059,0,178.25343906822457,88.10231459241024,0
CUST_564,-92.47062205967015,0,63.81140297933548,144.37074285667902,0
CUST_565,-80.50411565726834,0,120.32069052314145,16.817278775990168,0
CUST_566,-90.38779774501339,2,27.016277719003476,23.72107586930375,0
CUST_567,-88.12625389881354,0,140.03253043501846,16.169220619853395,0
CUST_568,-64.79206527531258,2,78.14492223573689,35.9387590466956,0
CUST_569,-92.58722664883499,1,181.62545365237986,85.77781553183493,0
CUST_570,-84.30052554200947,0,179.86127400812646,100.38010539983992,0
CUST_571,-70.81734936294285,1,78.5523113051146,16.381922112813633,0
CUST_572,-90.1728608839365,0,182.17296122428422,142.4359245783839,0
CUST_573,-78.89566498860633,3,199.3083812297802,127.90315273105335,0
CUST_574,-66.88181456266274,0,168.57481954231065,51.52574750199304,0
CUST_575,-62.5239688171179,1,172.07684259594123,20.806254231705516,0
CUST_576,-102.6463259535481,0,64.82157249963618,33.78419025066802,0
CUST_577,-63.67061874192528,1,123.80643179439613,27.772217925696175,0
CUST_578,-85.3941853460231,1,32.10606451412622,27.25972910185256,0
CUST_579,-97.08778058505209,1,37.08522862790055,82.59863641320275,0
CUST_580,-87.04321218808693,0,199.8006701659923,44.41864194907604,0
CUST_581,-60.99837123572615,0,78.79506489666397,60.13956031408022,0
CUST_582,-85.36909530035652,0,154.67310416879235,148.53074667380514,0
CUST_583,-93.56241948562459,1,165.19970954482696,105.80399484954826,0
CUST_584,-78.32995728416371,0,174.44418878130125,142.85729338658018,0
CUST_585,-97.99271906109034,3,199.57309353238819,29.957917704636184,0
CUST_586,-106.2068335945668,1,63.46936734623621,63.499526476559694,0
CUST_587,-103.55601390446753,1,27.263148834745948,87.6624524595296,0
CUST_588,-103.59770805211137,0,94.01447323902548,20.746128664423324,0
CUST_589,-102.40486532438528,1,43.41452056921045,10.586242107914101,0
CUST_590,-103.05864136752949,1,24.036660049169924,103.86080673156846,0
CUST_591,-77.95626275983926,0,84.8768288854675,99.85473235220095,0
CUST_592,-100.90599578004276,2,161.07288519354256,67.51043339994564,0
CUST_593,-92.71663583380683,2,121.91252442051275,78.55017064448457,0
CUST_594,-65.1605795046994,1,76.30003805786373,68.16202008289255,0
CUST_595,-86.30191798685638,2,137.78156098868953,13.36070627828444,0
CUST_596,-76.62211307394864,1,61.76327245558593,56.95202487044474,0
CUST_597,-101.38400643991851,2,22.588660292975305,34.79151575562058,0
CUST_598,-100.38554905956646,2,157.58360955855693,23.779386474191625,0
CUST_599,-107.95656918667606,2,132.27375527552164,143.94086074450897,0
CUST_600,-101.55324684639177,1,157.2144724101728,93.91036150590318,1
CUST_601,-96.07048304840207,0,27.00884300377981,112.01187979312438,0
CUST_602,-101.14947578616265,0,170.68153300951738,54.15092405725645,0
CUST_603,-105.56487331214721,2,131.5147160065346,65.04059812916213,0
CUST_604,-103.96820644496997,0,121.41116312827522,43.169359145541286,1
CUST_605,-86.96106159836371,1,132.43052866061566,23.575193935159465,0
CUST_606,-99.68331407971037,2,175.59798443630552,35.06442924182173,0
CUST_607,-91.78650694759622,1,125.64857118060327,121.65196634150801,0
CUST_608,-84.82913645725716,2,124.57106837987227,104.85641272572862,0
CUST_609,-75.48025856853174,0,198.32224827183785,86.57004263796676,0
CUST_610,-108.03439300794506,1,156.21143007234224,76.51258220134753,0
CUST_611,-70.02948005454786,0,99.61288498120435,139.14079971185743,0
CUST_612,-78.60498052545461,0,147.331460005927,20.182892689013578,0
CUST_613,-105.91204840255641,1,90.06148490452193,49.284113853308234,0
CUST_614,-66.32106879466113,2,61.19758324702982,58.99129949989997,0
CUST_615,-63.95637997340934,1,127.43333783979669,119.5396137097903,0
CUST_616,-106.94610200725681,2,187.07277766051126,148.95204682267598,0
CUST_617,-96.15611759263982,1,187.2451136027833,43.69387206600143,0
CUST_618,-69.68993601034694,1,81.54295005898825,132.4030267791913,0
CUST_619,-72.58701548081709,1,114.98194391990509,126.28718646045078,0
CUST_620,-100.77394903218114,1,58.094461742575014,41.45203566984733,0
CUST_621,-99.53253383316448,0,199.213599709799,65.90656122789116,0
CUST_622,-91.4763948604309,0,196.60122341622844,67.35420170095267,0
CUST_623,-85.77385074044894,2,136.91160734734052,146.95089359371818,0
CUST_624,-79.0872614234852,0,164.7945307419452,35.324866193045764,0
CUST_625,-91.55431802151138,0,148.718029031066,121.88211595466949,0
CUST_626,-86.8732641933426,0,126.76847942710427,56.78697998423539,0
CUST_627,-72.62645309331216,1,29.602639458001583,112.32184840866246,0
CUST_628,-108.16583985547011,1,101.857581659479,68.8015406013928,0
CUST_629,-97.37815278279896,0,141.4615343901339,90.9703668363156,0
CUST_630,-74.33252070577238,1,141.95569049906322,126.56564826565835,0
CUST_631,-65.23965811564003,2,87.16207131602904,122.58317909774378,0
CUST_632,-84.41612789421669,1,189.5045575984455,131.29924569555803,0
CUST_633,-83.39432573673422,1,50.124265802620585,18.346425548252263,0
CUST_634,-104.6413994330112,0,110.06470031880092,106.88707742556427,0
CUST_635,-87.62938165882727,1,144.3591157791481,29.5982327410468,0
CUST_636,-83.36913667724885,1,145.48444506052567,68.21459952257754,1
CUST_637,-97.87647481826352,1,136.7550122183868,86.80237810765638,0
CUST_638,-96.53783845253095,1,69.55187842133483,66.3835278645563,0
CUST_639,-91.13579184476887,0,48.11718236359195,82.74563461242104,0
CUST_640,-108.99644011111369,0,134.46925882880794,149.51368323180668,0
CUST_641,-93.89604172084108,0,127.87438090509879,28.93042391979966,0
CUST_642,-99.42759965017277,3,52.28408185206337,104.56384634709958,0
CUST_643,-93.62513239110427,2,146.9250462027014,65.44013529398613,0
CUST_644,-104.01189340903744,2,101.93095851205815,28.62137184702603,0
CUST_645,-65.47363596300525,0,140.19690648856752,32.22314687240333,0
CUST_646,-80.32037732229756,0,170.72607435862713,142.89823487438636,0
CUST_647,-76.04488404277552,1,50.55111714384617,133.14420953964668,0
CUST_648,-70.54143806963309,1,23.446076239430603,136.98587445810307,0
CUST_649,-85.07789005354714,1,160.23846555124163,148.8145886158341,0
CUST_650,-105.65398559562881,0,129.74553652747088,39.164154601192514,0
CUST_651,-83.14467290907261,0,145.9351225319819,59.76150723096865,0
CUST_652,-80.65794409895605,2,170.86789549795566,103.69066418948134,0
CUST_653,-72.7280262907835,1,164.5059682684101,77.73235558049062,0
CUST_654,-88.41702268851603,3,192.96562644718844,68.57453467296669,0
CUST_655,-103.62098486022181,2,116.46831419338127,60.09357490698303,0
CUST_656,-95.81120471006378,1,107.92921387878296,93.1292884720833,0
CUST_657,-91.84588518006825,1,92.33969598033141,90.58308000961148,0
CUST_658,-77.70413793341993,1,47.66438771195682,32.604096768993614,0
CUST_659,-81.46108476655441,0,123.06930191876404,76.04357725258147,0
CUST_660,-92.19516370510769,0,69.86225437867618,87.48604866937899,0
CUST_661,-60.67423756035102,0,185.83535219833558,89.84017142239466,0
CUST_662,-79.71125903215564,1,124.97434476987756,39.41500700772925,0
CUST_663,-98.13866041320027,1,126.71123249145982,113.91799491532015,1
CUST_664,-104.91087636897981,0,83.8864389578618,13.527873274949748,0
CUST_665,-102.3570430407834,1,29.358083355987347,59.67645977604277,0
CUST_666,-97.7021135807746,3,25.71387776713795,119.2297707949887,0
CUST_667,-101.96593133702221,1,96.20032594757555,88.94500894775632,0
CUST_668,-100.67164879743471,0,35.221768057502814,46.562740551520434,0
CUST_669,-95.74524156530765,0,129.23245199722504,107.29343670802668,0
CUST_670,-101.33132023526225,1,178.57514101513834,89.43473218185028,0
CUST_671,-65.16172876867874,3,178.92466697337,121.47410532389421,0
CUST_672,-105.98831271691789,0,138.62817382380183,112.90352606657527,0
CUST_673,-83.77443052148726,2,58.02172966512758,95.41510908507286,0
CUST_674,-89.48015865051693,0,175.33942964459698,78.34487454351397,0
CUST_675,-60.88106915456968,3,179.49681835637747,28.64549759345328,0
CUST_676,-104.39805489159738,1,55.39764529153257,46.58662250395373,0
CUST_677,-90.10722004771291,0,152.7366954387219,68.67392620839195,0
CUST_678,-61.526478336231555,0,71.57351880688213,93.90190018089442,0
CUST_679,-66.72464370530099,0,164.47525622352734,81.91909973014268,0
CUST_680,-69.14639645253601,2,199.50282198264847,50.34583363433413,0
CUST_681,-97.104858647753,0,25.404680959290708,10.905010090559477,0
CUST_682,-101.45562063049671,1,181.52585584236775,79.47349106611395,0
CUST_683,-76.56783900377846,1,132.07349604775845,49.98763839871403,0
CUST_684,-63.53120054362071,0,195.2088714496678,112.8451620994749,0
CUST_685,-82.16185534930351,1,103.70171315475697,13.35247713786769,0
CUST_686,-81.419365526505,0,172.52982750284727,91.87589358281072,0
CUST_687,-96.0010453169858,1,31.2309323476899,141.80639325084917,0
CUST_688,-71.52535334040316,2,80.35022901409323,34.417297395609936,0
CUST_689,-100.64781257212383,1,32.06297679521779,76.03092870508335,0
CUST_690,-93.81603817978782,0,195.5617640262327,22.799078854399344,0
CUST_691,-88.72817806917917,0,167.0553033089306,97.59546771658937,0
CUST_692,-84.61948106577725,0,173.4585358242747,87.07443528347159,0
CUST_693,-97.87951337924599,1,188.83374165810096,67.03117338979652,0
CUST_694,-104.25815876303983,0,35.318627501561366,82.99278300632378,0
CUST_695,-79.46899787791837,0,89.4075666524,135.52045218566144,0
CUST_696,-95.56847233798722,1,32.786280027920384,37.48120232354938,0
CUST_697,-80.93808892886939,1,57.94275827900515,13.159031638748612,0
CUST_698,-102.28186423628989,1,61.285839866781025,130.63308385787414,0
CUST_699,-85.94299490725913,0,104.43929798856416,90.7963915343069,0
CUST_700,-83.37052837242071,1,68.34119014165566,134.69218376465795,0
CUST_701,-107.40882315887866,0,38.176059227197,93.57233127784416,0
CUST_702,-93.16978609030397,0,50.14839603693939,123.42255259435835,0
CUST_703,-103.27926615305128,0,46.50960143937637,70.1542708697207,0
CUST_704,-106.83125147636162,0,195.1538236242137,114.98039038035763,0
CUST_705,-60.50198838050274,0,156.67265124532526,137.82580536457982,0
CUST_706,-93.88230775126385,2,194.19706374852115,90.09721492110887,0
CUST_707,-69.50627770726825,0,99.15328757142353,35.30992107873314,0
CUST_708,-97.2679672618118,1,70.10632669927818,47.63166610422774,0
CUST_709,-75.92486388880354,0,163.6927754976536,37.810240765636806,0
CUST_710,-71.98860700551568,1,78.72570524740642,44.55998386340261,0
CUST_711,-80.21806296960779,0,73.8890072669627,52.89816290914509,0
CUST_712,-86.42119057249208,1,61.85107859740961,87.71873014544639,0
CUST_713,-89.40795429263657,1,43.34221608036236,92.31882812493659,0
CUST_714,-92.55658667285023,1,66.16335098301788,69.70996461386056,0
CUST_715,-63.523542787608704,0,83.95755472529979,96.15890917491696,0
CUST_716,-68.46902961061355,0,141.31895746623147,21.420489585591227,0
CUST_717,-61.748654466674374,0,31.261671599501284,22.290353188142397,0
CUST_718,-103.78513882572277,0,57.89124913976173,34.05612445007218,0
CUST_719,-73.45662623981778,2,165.62425525250174,82.53084972564827,0
CUST_720,-63.08297715894811,0,46.44594624507874,39.9592550177639,0
CUST_721,-100.93834669171699,3,81.67612637405388,49.65981648896083,0
CUST_722,-106.67518663166112,1,175.6386059344652,66.04379706421918,0
CUST_723,-72.94396753549705,0,47.88655600581968,123.66125736145318,0
CUST_724,-81.2763443410044,0,34.89263041127418,11.940699027800417,0
CUST_725,-67.9085611620864,1,107.21683911440195,100.91303483312714,0
CUST_726,-103.01138116868553,0,74.43551203013655,103.64271434569595,0
CUST_727,-70.23663440700548,0,121.41350560709374,121.81180924992911,0
CUST_728,-99.91863399761277,1,164.68488028702552,140.58541146844385,0
CUST_729,-101.81720285671477,0,44.68672786749377,12.819298852900577,0
CUST_730,-101.78671010345036,0,124.5258352197713,31.529718771850266,0
CUST_731,-69.27126398843089,1,110.9915768701755,134.06398116783902,0
CUST_732,-76.74013896519,0,45.93418148237592,74.19259870618215,0
CUST_733,-83.84672876154403,0,132.31972739521683,89.04268945068489,0
CUST_734,-92.05847579382487,2,69.2552752149389,102.82380852124064,0
CUST_735,-66.13997295934459,0,107.81017733792225,105.06932462938923,0
CUST_736,-90.37774462886823,1,34.80901836987114,140.44365646431115,0
CUST_737,-69.17002802642114,2,102.72513029845214,149.57291843763375,0
CUST_738,-88.04325457148909,2,75.16342424770767,110.82204453033164,0
CUST_739,-91.15277852875462,1,168.02861801336377,50.21096928872112,1
CUST_740,-86.86601071651968,1,30.25617085952629,133.1653363212081,0
CUST_741,-94.9311062917929,0,95.34930948529939,16.890928035706626,0
CUST_742,-72.61953099118745,0,102.51765634365884,42.35131940242947,0
CUST_743,-84.86398049537604,0,150.50109373384137,135.63400044492008,0
CUST_744,-98.38936524265914,1,123.37176351623798,45.866812021509695,0
CUST_745,-65.02127133627158,0,140.0982206949526,40.89114834704479,0
CUST_746,-90.80543893133944,0,159.86887141731611,29.337541039634615,0
CUST_747,-82.82235694430057,1,175.19653525847397,130.2756460705683,1
CUST_748,-64.67639445177265,2,76.4975894100447,80.00815628675214,1
CUST_749,-78.78810020430039,1,116.84408696550253,104.48504842758167,0
CUST_750,-104.1550979645818,1,171.21945411905597,43.46929377050415,0
CUST_751,-63.008393819326244,0,198.10120357371017,116.12565894157031,0
CUST_752,-78.61459734642911,1,180.11347598787737,116.40077629469378,0
CUST_753,-93.2547192671457,4,86.86410727238783,53.76372348716202,0
CUST_754,-103.03639636683064,0,55.12997309935707,67.4955686214396,0
CUST_755,-70.2987405364852,1,108.09065673318597,39.356638840228115,1
CUST_756,-78.99636220357432,1,153.49546133048761,146.7185432652066,0
CUST_757,-83.32694540118392,1,108.66243273559357,100.38436078817763,0
CUST_758,-65.30537084745211,0,106.97255539646034,140.83614330017218,0
CUST_759,-70.57013943877345,0,170.8814757947241,52.473976108078645,0
CUST_760,-102.41625601336244,0,85.05268023209354,119.46472781956456,0
CUST_761,-94.4138966102226,1,174.7630414660962,117.22021014386388,0
CUST_762,-97.57554300927671,0,93.22486417131024,106.83179126131581,0
CUST_763,-72.80268537136615,0,79.0819590221011,145.18945653735207,0
CUST_764,-108.32337826321103,1,101.71818401594582,65.09774705488417,0
CUST_765,-81.50551575643418,0,157.24045256147633,28.300425302566023,0
CUST_766,-71.87706571296548,0,42.68036501551897,104.03924029416851,0
CUST_767,-66.16171816191252,0,55.35545885696313,112.10337206680886,0
CUST_768,-92.89591256420462,0,191.26006861935656,90.50848028423405,0
CUST_769,-68.93713476639937,1,51.58849292864433,38.95450503867548,0
CUST_770,-104.46841315223963,0,122.19091722758982,80.62383183370976,0
CUST_771,-67.6773854132741,0,124.27660399914882,53.706563119678115,1
CUST_772,-103.62556688340088,1,108.13240316904407,69.84531394333646,0
CUST_773,-90.13563547198163,1,136.05414474382735,100.33060061825294,0
CUST_774,-70.13523171102233,1,61.368810643571315,114.33006397671683,0
CUST_775,-102.5041286325613,2,119.47920819981468,42.51145672618804,0
CUST_776,-98.53743023836793,0,86.99118594444148,66.74555049057346,0
CUST_777,-73.8873715803467,0,139.10010673325402,47.68261993882808,0
CUST_778,-73.99817317269628,0,45.4202378071669,37.80842594066168,0
CUST_779,-77.94261835573514,0,122.75793503110572,119.67421079941737,0
CUST_780,-75.302577776645,0,53.34866396899827,137.29537722117894,0
CUST_781,-82.86377783262019,1,70.15575136070655,61.83250599584074,0
CUST_782,-97.41004705465237,0,59.36776405824498,115.17904941232736,0
CUST_783,-92.71520032480403,1,52.91080037638708,135.57934051101756,0
CUST_784,-100.92011415992872,1,168.62797128092006,128.4573894742324,0
CUST_785,-64.57747193331858,2,71.42736217896027,35.593874395491625,0
CUST_786,-80.83041026169397,1,186.8822807356009,143.8808634118706,0
CUST_787,-89.957429161818,1,194.58677456213437,62.73470166012474,0
CUST_788,-86.89970981779337,0,122.82688458867752,57.49369256433709,0
CUST_789,-62.63583301940923,0,45.74020207983075,18.740385818889248,0
CUST_790,-102.33242984419599,1,87.41868380832463,78.06431157468361,0
CUST_791,-80.68850839916014,1,163.5918074026785,25.26190618973002,0
CUST_792,-84.7055660557767,2,86.13033116547268,44.79557492983964,0
CUST_793,-79.42728822826761,0,35.663099294501976,54.371967047419396,0
CUST_794,-109.09449080895797,0,120.22128396707383,123.23568528883577,0
CUST_795,-66.39380455279243,0,172.12175326928627,132.5684110554255,0
CUST_796,-63.39408587581938,0,163.26674968583043,52.34528444460575,0
CUST_797,-81.74334082053956,0,51.52216522346358,130.21773697424035,0
CUST_798,-75.1674588061554,0,141.097630594244,130.01233123177076,0
CUST_799,-63.875030941135215,2,59.69076741841648,117.0511330538823,0
CUST_800,-74.63806828433007,1,59.277356219391,30.537315962125415,0
CUST_801,-102.37304785428694,0,177.33291919493334,106.64519856610205,0
CUST_802,-81.18558199165935,1,64.94041149324143,142.30336904127964,0
CUST_803,-79.6642476808572,0,67.38452237324202,105.555667027402,0
CUST_804,-88.7934664348807,3,20.11761033703392,56.42635887509675,0
CUST_805,-73.17778821876385,1,176.72042614259317,80.08110444031638,0
CUST_806,-63.281649261549255,0,162.66706637764426,100.4015060691475,0
CUST_807,-63.721574354661186,0,132.91920831632206,81.4798572219905,0
CUST_808,-87.4580314297934,1,155.04783750899162,26.793411842335775,0
CUST_809,-104.33809770796223,0,47.36874213640853,53.68896625128289,0
CUST_810,-60.757940051883274,3,102.49824702576358,122.33544427750856,0
CUST_811,-68.05509567770329,1,83.21948972278057,130.59852645337244,0
CUST_812,-103.76686593983666,1,36.879774726262966,29.22200458017983,0
CUST_813,-63.95790586913138,1,107.50348733868634,143.33414533582143,0
CUST_814,-66.50518189689359,2,185.73313706167437,56.03516649880531,0
CUST_815,-84.05809714369639,2,27.210641429125005,102.7239234223008,0
CUST_816,-80.43622821275353,2,72.4629644288829,115.25552043393536,0
CUST_817,-90.04986480649349,0,57.35736851702662,123.67247284930367,0
CUST_818,-107.26191805889843,0,62.86639765982534,142.40495831163022,0
CUST_819,-93.24013791770496,1,183.51821933828754,53.808736724035164,0
CUST_820,-69.85732757009943,1,104.25242976217223,130.19090363721762,0
CUST_821,-109.76839884976985,3,103.93389432916739,28.436166481068984,0
CUST_822,-93.3250414154428,2,156.9036156419508,108.70572688950298,0
CUST_823,-90.09156532045283,1,47.80859672088664,113.87688213195803,0
CUST_824,-83.13021985310385,0,107.70776373800913,104.88125376818486,0
CUST_825,-64.00721917936198,1,97.39733854179075,45.32406305892142,0
CUST_826,-92.68270028170194,2,127.4439242983981,132.22604058212846,0
CUST_827,-92.65233990518861,1,199.92038658507894,33.6401848718553,0
CUST_828,-73.12493759451257,1,158.50080093476848,17.508870812916317,0
CUST_829,-87.38910295550964,1,91.61582654313689,110.4450986856677,0
CUST_830,-98.7697588530009,1,168.95954940932845,76.56660013258272,0
CUST_831,-87.37802419336533,2,50.72750539624643,128.87372279421464,0
CUST_832,-102.95714898101001,0,25.48346353561282,63.67559974815625,0
CUST_833,-101.18065067468883,0,56.80070704356915,33.559002391079794,0
CUST_834,-85.08161136302601,1,81.27408010056675,127.10190694578176,0
CUST_835,-89.0537275247726,0,111.90453634272077,86.84734842961004,0
CUST_836,-64.257704946595,1,130.72324529741599,36.48741093464969,0
CUST_837,-91.88030504416835,3,183.9090290985959,110.8537598021024,0
CUST_838,-80.97058248609783,0,111.77372171908239,81.55590938853007,0
CUST_839,-78.38678560402349,3,110.22961603263128,94.60381751364477,0
CUST_840,-109.34527717058332,2,29.043741768136783,74.52576734892146,0
CUST_841,-76.82313139916447,2,26.284079478120287,126.01925773452089,0
CUST_842,-101.09820165651243,0,119.20879314494697,126.13878019562698,0
CUST_843,-61.946484126527245,1,98.87215038470201,109.31443505541407,0
CUST_844,-102.56686361234435,0,171.05247109645376,24.75619283550472,0
CUST_845,-89.26879381364881,0,48.92232524813213,127.43954066656964,0
CUST_846,-105.73251659606781,0,24.494899181068927,103.94181727460737,0
CUST_847,-60.156287407702635,0,100.82697822742266,107.58338324060193,0
CUST_848,-84.89024948343787,0,62.74614021540635,60.81759765654203,0
CUST_849,-80.23074913399782,2,28.93058720099074,133.09913786198092,0
CUST_850,-106.64617613057862,2,150.42769163257321,111.55202403288004,0
CUST_851,-72.50197648004111,0,40.086739992304544,25.762665314087226,0
CUST_852,-99.5047203452207,1,129.4975100013989,67.08892481686277,0
CUST_853,-65.09728552796432,1,70.58895503004004,134.09325067441983,0
CUST_854,-99.74301797589965,0,51.22928906390396,16.607538237633058,0
CUST_855,-100.46561396681668,0,88.35527412547714,144.59832674988692,0
CUST_856,-108.17251660759526,0,164.26023972013166,105.0827595647388,0
CUST_857,-86.39665274450005,0,90.57684384282308,98.39263687007272,0
CUST_858,-81.75794333686918,0,155.13853685799003,47.8782959083188,0
CUST_859,-106.71456802858238,2,42.58753342384712,44.83085042348479,0
CUST_860,-71.22361916524947,1,159.09885553971424,141.88815072840336,0
CUST_861,-87.33555826259862,1,62.64799848319676,51.75814359277718,0
CUST_862,-83.780486533621,2,141.9307633799971,118.57074154065991,0
CUST_863,-87.96186265308859,0,121.84067987137934,65.03705174899108,0
CUST_864,-89.9618469562337,1,187.24604909810373,29.495569909858556,0
CUST_865,-82.0179834345891,1,89.71805323555652,11.500141677350253,0
CUST_866,-102.23798770346437,1,31.90973399019928,86.19602718213511,0
CUST_867,-100.90359347523645,1,23.44798739922552,146.60903459685056,0
CUST_868,-66.91071894932413,1,168.83454097509556,61.679067133288626,0
CUST_869,-62.694226893318366,3,114.45241477905779,60.00692675902628,0
CUST_870,-91.33453418601235,1,159.54392933029087,58.17282649892189,0
CUST_871,-96.4627663428223,1,62.196608002072644,82.87613722268019,0
CUST_872,-77.80002283804922,1,82.11507419238208,71.6930836794011,0
CUST_873,-89.56329144509519,0,25.418696998037408,133.18804774178204,0
CUST_874,-108.73068221698276,1,193.06861842334018,80.77291084128863,0
CUST_875,-102.19237013169048,1,140.21622320614642,81.08609734639963,0
CUST_876,-74.20138855763012,0,187.97691579667512,29.372023260877924,1
CUST_877,-77.05380290449243,1,67.78935333723302,147.58353572745403,0
CUST_878,-108.64520037482582,0,130.06345002061894,44.996204721636154,0
CUST_879,-98.90139190335253,1,142.1299942926748,20.270969444344374,0
CUST_880,-98.44626017059643,1,77.15894604636591,102.84047485652923,0
CUST_881,-76.40536282006357,0,172.65966230281342,93.35129182196218,0
CUST_882,-109.01447311228179,1,190.48906332204461,68.12039155898441,0
CUST_883,-104.7945709007713,0,179.27392118528078,69.10691274329493,0
CUST_884,-70.00419573134053,0,153.03205566908704,119.90894894650037,0
CUST_885,-101.07276689728332,0,69.94364235049173,37.399769613950866,0
CUST_886,-77.36269460740627,1,70.69088757901372,124.83546465228456,0
CUST_887,-98.09086094766367,2,193.40485768028682,100.82459594530255,0
CUST_888,-105.02793036203275,1,21.851209268424565,68.65576832913342,0
CUST_889,-97.84139045002729,1,148.88899518358602,74.1240063217416,0
CUST_890,-73.88665340721704,1,147.1243092599472,45.93060900605341,0
CUST_891,-67.21517659468572,0,132.08411737096355,115.29600657757648,0
CUST_892,-68.48900677165042,1,198.21959229563583,81.80246392273749,0
CUST_893,-90.14082351907726,0,76.13829843747054,54.9196359849781,0
CUST_894,-76.59574317146769,0,81.19493548278467,93.44701620653304,0
CUST_895,-99.75078522920896,3,34.20909253038,149.4028232871852,0
CUST_896,-95.34261348694933,2,99.70366457787274,70.93671915191754,0
CUST_897,-65.18320907394401,0,66.98873472227265,138.89679610900674,0
CUST_898,-109.3499038244632,2,81.80960639197596,58.302357589439254,0
CUST_899,-105.72457345727659,0,170.22292224601298,17.662578969498025,0
CUST_900,-99.60568724269864,2,188.38721243494922,38.59389489158004,0
CUST_901,-108.67338980630902,1,53.431952960933415,68.61732006587579,0
CUST_902,-100.92822824551013,0,87.05160767962386,40.748890003239666,0
CUST_903,-80.84792195151539,0,187.15350118077095,10.031785350555776,0
CUST_904,-88.9287724703751,0,31.125522924060075,138.1002152846538,0
CUST_905,-65.36641444615125,1,36.62489506004813,128.14311757233008,0
CUST_906,-69.12782191307795,2,49.30237805712129,113.9209124081726,0
CUST_907,-92.9091324151062,1,127.13831014283745,33.494043390444006,0
CUST_908,-97.02882832843538,1,47.085008781079544,26.850900669398047,0
CUST_909,-91.01537959163666,1,194.25374866113202,19.464664926133644,0
CUST_910,-80.48525287425961,0,100.40861490653366,111.36408642820896,0
CUST_911,-96.59681795885619,0,110.27323286302995,140.03311449630394,0
CUST_912,-78.7925546075433,2,64.39855084497316,70.27501492782518,0
CUST_913,-89.52941739043797,1,104.77284543825203,26.679694079446744,0
CUST_914,-82.397640957401,1,139.14445387466208,81.73499490249492,0
CUST_915,-88.19367354323417,1,155.2118846517277,58.83646704420822,0
CUST_916,-95.27671202290412,0,155.69625488778433,62.47548940899968,0
CUST_917,-62.577334651892166,0,124.0204002849359,96.98628738179902,0
CUST_918,-71.81971029201196,0,182.7847594988943,110.62053585670833,0
CUST_919,-102.99434121167738,1,167.13341251509968,25.484503842242518,0
CUST_920,-66.57660120510437,1,156.2686606457526,14.982632312906695,0
CUST_921,-85.62844008752433,0,30.008993902482914,149.2062423760001,1
CUST_922,-65.27238865529543,0,21.238033199536876,42.581968848177254,0
CUST_923,-70.00723720263423,0,58.240509895185134,17.53627348718427,0
CUST_924,-88.73932477653833,0,139.4342469044214,36.5825460734288,0
CUST_925,-108.87653458399413,0,94.01554799885825,15.454098488784991,1
CUST_926,-96.5661320307527,1,92.43312667387612,64.85352524640403,1
CUST_927,-82.91828926695666,1,179.22563988133047,122.3362498231854,0
CUST_928,-78.32608900869263,0,181.20131266373096,57.774222966080885,0
CUST_929,-97.10561572833988,1,183.65154752964543,72.18567696297131,0
CUST_930,-103.03219629635879,1,76.4980537727049,104.58214829944143,0
CUST_931,-68.25348816003505,0,144.39004629306712,81.24516980978322,0
CUST_932,-60.77989096482239,2,68.89397262938652,130.6023960429854,0
CUST_933,-83.71549088486572,1,54.30976995340096,131.24499450640593,0
CUST_934,-101.41603570758483,0,53.233842322526456,11.38749736876151,0
CUST_935,-96.38463367403155,2,81.57937175544693,118.92648290764788,0
CUST_936,-109.08046617262666,0,97.3923715603679,74.50270403383435,0
CUST_937,-64.28505967197505,0,169.5708507899123,148.43767578251283,0
CUST_938,-104.11244585549295,0,41.58039682508817,77.65249062256092,0
CUST_939,-81.17417622428732,1,152.28665253108096,148.16543235436166,0
CUST_940,-96.2972389656397,0,115.66188455407496,115.63971056880312,0
CUST_941,-82.29109987421033,0,71.83016168167865,44.80468384586288,0
CUST_942,-77.42898058240678,0,108.70752521590843,85.37529710017408,0
CUST_943,-68.51290981463993,0,73.98957255986409,148.8989895270016,0
CUST_944,-99.67893641196984,3,127.29475194289508,130.05428508526933,0
CUST_945,-109.45020856707598,3,98.09190611394396,23.631365130770952,0
CUST_946,-103.15571849655964,0,49.59299523419817,108.89207955339945,0
CUST_947,-64.99906790759474,0,40.984953420025406,58.38114202191383,0
CUST_948,-66.30549612187423,0,118.40522277298342,10.977516663248736,0
CUST_949,-80.12934489148458,0,182.43434599149862,66.48733566377994,0
CUST_950,-79.97415697831732,0,81.91238358038339,42.86561904149598,0
CUST_951,-76.74816627268723,1,151.94001930007218,124.64169787286602,0
CUST_952,-101.23143606882752,1,138.55904388915803,57.22628523840717,0
CUST_953,-64.27940270375201,4,187.67988457570658,125.85331715353439,0
CUST_954,-89.06147375539635,1,167.77658311384536,10.083711436871344,0
CUST_955,-90.84307358752513,0,121.98894660298333,53.09468100365668,0
CUST_956,-84.05411473585812,0,138.26548968213933,43.76313000308667,0
CUST_957,-107.65170166124724,0,181.70956398512627,42.69943054960554,0
CUST_958,-101.68583156219603,0,91.91338122564827,19.54612676716478,0
CUST_959,-73.09831917868148,2,78.82304705439992,36.19739785747024,0
CUST_960,-105.86006660374368,0,21.94599505433534,87.77693978398678,0
CUST_961,-79.8423945266806,2,168.77919335446356,50.790550197284226,0
CUST_962,-97.73254451593395,1,164.17652607260567,68.43526952608072,0
CUST_963,-90.53521929790116,0,38.80181325802725,62.76136324860639,0
CUST_964,-95.56531316146501,1,123.83432860388605,132.62668949998525,0
CUST_965,-92.21636417675253,1,103.51670567003973,136.74185986147216,0
CUST_966,-74.04770474078772,1,41.367637191640064,79.0139760318204,1
CUST_967,-95.14391421884125,0,196.50228087093024,56.22183304418462,0
CUST_968,-81.67976798515514,0,58.645259743403976,24.95209856033091,0
CUST_969,-86.19747989004502,1,32.10215241630101,143.4764031134933,0
CUST_970,-76.8164417318676,0,127.07252831034373,18.431772286041642,0
CUST_971,-63.1585130337621,2,152.9960018839459,51.67103885955926,0
CUST_972,-73.37139513948748,1,25.839820288493655,51.72926816380058,0
CUST_973,-99.25298107046217,0,138.56917497086397,54.856180059630084,0
CUST_974,-108.44084324693577,0,115.8125376712618,33.0001580581373,0
CUST_975,-96.88679778500875,1,38.58770159750871,119.6426003293176,1
CUST_976,-80.24610346498726,1,51.05429785034517,27.149700675238492,0
CUST_977,-107.42870932578748,0,122.2353735168945,98.8869322814428,0
CUST_978,-85.18168763993819,0,73.34437043239191,27.338443738814444,0
CUST_979,-80.15785755415554,0,188.8968311572369,19.874989263013916,0
CUST_980,-93.28780545915195,0,167.37324130712915,137.32013051602272,0
CUST_981,-71.45438981270891,0,197.04209717245934,36.61802728461879,0
CUST_982,-104.67008734331141,4,66.74075101107451,124.9750216383586,0
CUST_983,-106.24311091320956,1,194.55025390363588,86.24832195499901,0
CUST_984,-73.59056218981983,4,97.62209656248042,20.899912745227745,0
CUST_985,-85.22543418969008,0,82.55338315647583,143.76274680132946,1
CUST_986,-75.5798801786132,0,29.062914854483584,44.57456337886495,0
CUST_987,-88.25863306981269,1,29.49774641472847,130.3503483493649,0
CUST_988,-97.67989833804467,2,144.56202607039785,33.63340080983899,0
CUST_989,-69.04488411629,4,102.42721899812503,129.5520034998594,1
CUST_990,-70.02920605155103,2,60.773892686499025,11.852033806741158,0
CUST_991,-75.26517645727867,1,130.51465513854185,81.64926391972729,0
CUST_992,-96.39274313850187,0,65.51446128502002,117.72196111901795,0
CUST_993,-80.48846665654565,1,123.97371578199606,140.87137244898966,0
CUST_994,-91.95130515299866,0,84.65757445688426,137.2882990689082,0
CUST_995,-105.4208963336683,1,168.23940079012743,124.74748173667028,0
CUST_996,-64.13432122688786,1,167.72530893802028,134.34678895258259,0
CUST_997,-103.15906845405193,0,105.92307166203224,37.89075601719071,0
CUST_998,-62.48813230895988,0,83.1474396803028,49.785801399642025,0
CUST_999,-87.69971135210221,1,85.26076338063702,50.45559348894819,0
